INSERT INTO public.city (id, name) VALUES (1, 'Prague'), (2, 'Berlin'), (3, 'Vienna');

INSERT INTO public.museum (id, name, description, city_id, address, ticket_info, photo, latitude, longitude) VALUES
  (1, 'National museum', 'The National Museum is the largest museum in the Czech Republic. As the central state museum with collecting, scientific, educational and methodological functions it seeks to enhance the sense of national identity and awareness of being part of the whole framework of European and world community and culture.', 1, 'Václavské nám. 68', '100 - 200 CZK', 'https://myohotelwenceslas.blob.core.windows.net/imagehandler/Media/ContentItems/1089_01089/m_max__o/museum.jpeg', 50.078995, 14.430910),
  (2, 'National Technical Museum', 'The National Technical Museum in Prague is the largest institution dedicated to preserving information and artifacts related to the history of technology in the Czech Republic. The museum was founded in 1908 and has been in its current location (adjacent to Letná Park) since 1941.', 1, 'Kostelní 1320/42', '70-150 CZK', 'https://www.pensioncampprague.com/images/national-technical-museum.jpg', 50.097099, 14.425207),
  (3, 'Kunsthistorisches Museum (Art History Museum)', 'The Kunsthistorisches Museum (Art History Museum) was built in 1891 near the Imperial Palace to house the extensive collections of the imperial family. With its vast array of eminent works and the largest Bruegel collection in the world, it is considered one of the most eminent museums in the world.', 3, 'Maria-Theresien-Platz', '15-30 EUR', 'https://aws-tiqets-cdn.imgix.net/images/content/1871e79477e74468b73080a23361a2b5.jpg?auto=format&fit=crop&ixlib=python-3.2.1&q=25&s=91b63fadc783728afad6385ab3bb3910&w=375&h=250&dpr=2.625', 48.203885, 16.361752),
  (4, 'Gallery Albertina', 'The Albertina not only has the largest and most valuable graphical collections in the world, with works such as Dürer’s “Hare” and Klimt''s studies of women. Its latest exhibition collection presents masterpieces of the Modern, spanning Monet to Picasso and Baselitz. As the largest Habsburg residential palace, the Albertina dominates the southern tip of the Imperial Palace on one of the last remaining fortress walls in Vienna.', 3, 'Albertinaplatz 1', '15-25 EUR', 'https://upload.wikimedia.org/wikipedia/commons/f/f8/Albertina1.JPG', 48.204717, 16.368187),
  (5, 'Belvedere', 'The Belvedere is not only a magnificent Baroque palace but also houses one of Austria''s most valuable art collections – with key works by Gustav Klimt, Egon Schiele and Oskar Kokoschka.', 3, 'Prinz-Eugen-Straße 27,', '7-20 EUR', 'https://media-cdn.tripadvisor.com/media/photo-s/11/e9/db/10/magnificient.jpg', 48.191456, 16.381040),
  (6, 'Leopold Museum', 'Hundreds of masterworks of Austrian modern art collected by the passionate art lover Dr. Rudolf Leopold are shown in the Leopold Museum at MuseumsQuartier near the Imperial Palace.', 3, 'Museumsplatz 1', '10-20 EUR', 'https://www.leopoldmuseum.org/media/image/c950x576/3924.jpg', 48.202675, 16.359184),
  (7, 'mumok - Museum of Modern Art', 'The mumok - Museum of Modern Art Ludwig foundation Vienna in the MuseumsQuartier focuses its attention on the art of the 20th and 21st centuries. Works by Andy Warhol, Claes Oldenburg, Pablo Picasso, Yoko Ono, Günter Brus and Gerhard Richter invite visitors to engage with contemporary art.', 3, 'Museumsplatz 1', '12-25 EUR', 'https://i.pinimg.com/originals/3d/df/06/3ddf064e6442ca3b5d6a76ed6fe03d5a.jpg', 48.203837, 16.357920),
  (8, 'Rudolfinum Gallery', 'The Rudolfinum Gallery is a spacious and attractive art gallery situated in the multi-purpose Rudolfinum cultural complex, which houses a gorgeous concert hall and a grand turn of the last century café. J. Schulz, who also designed the National Theater in Prague, which is a beautiful example of Historicist architecture in central Europe, designed this neo Renaissance building.', 1, 'Alšovo nábřeží 12', '0 - 200 CZK', 'https://www.prague-stay.com/images/full_image/1920x1200/prague%20rudolfinum%20exterior%201-resize~rudolfinum-gallery-concert-hall-entrance.jpg', 50.09021771326617, 14.416211894781304),
  (9, 'Troja Chateau - City Gallery Prague', 'The romantic Troja Chateau is home to the City Gallery Prague’s permanent exhibition and is located by a lovely bend in the Vltava River, surrounded by lovely gardens and an old vineyard. This wonderful chateau or villa was designed by Jean Baptiste Mathey upon the request of the glorious Sternberg family after Wenzel Adalbert von Sternberg embarked on his essential Grand Tour and returned to Bohemia with visions of Roman residential splendor in his mind (the chateau is inspired by the spacious 16th and 17th century villas Sternberg witnessed outside of Rome in the Frascati area).', 1, 'U Trojskeho Zamku 4/1', '150-250 CZK', 'https://www.prague-stay.com/images/full_image/1920x1200/prague%20troja%20chateau%20prague%20city%20gallery-resize~troja-chateau-city-gallery-pond.png', 50.11510417543283, 14.410922121468609),
  (10, 'Kampa Museum', 'An eccentric contemporary collection located on the left riverbank of the Vltava, housed in the old Sova Mill, named after Vaclav Sova, the original owner in the 15th century. It should be noted that this museum is worth a visit especially for the building that has been magnificently renovated after centuries of fires, floods, and damage. On a clear day in Prague one should head to Kampa Museum on Kampa Island.', 1, 'U Sovových mlýnů 2', '100-200 CZK', 'https://www.prague-stay.com/images/lifestyle_article_carousel/570x340/prague-kampa-exterior1-fit~kampa-island-and-the-museum-prague-museums-and-galleries.jpg', 50.084030882179334, 14.408357594177096),
  (11, 'The Franz Kafka Museum', 'Franz Kafka is undeniably one of Prague’s most famous sons. Born to a German speaking family in Prague (then part of Austria-Hungry), Kafka is famous as one of the top writers of the 20th century. Paving the way for artists and authors with his influence in Existentialism and Modernism, Kafka is represented widely in the city of Prague.', 1, 'Cihelná 2b', '100-200 CZK', 'https://www.prague-stay.com/images/lifestyle_article_carousel/570x340/prague%20franz%20kafka%20museum%20exterior-fit~franz-kafka-museum-complex-exterior.png', 50.08784616580876, 14.40981975003056);

INSERT INTO public.exhibit (id, museum_id, name, description, photo) VALUES
(1, 1, 'Unpacking the Past, Designing the Future', 'Scrap Exchange, Durham. When The Scrap Exchange bought the old Center Theater in Lakewood Shopping Center, it acquired a time capsule to be opened December, 2016. Unsealing the capsule reminded us of the vibrant Durham of 50 years ago and also celebrated the grand plans to bring a renaissance to this neighborhood by making it a Reuse Arts District with ScrapEx at its center.', 'https://secureservercdn.net/198.71.233.51/2vw.777.myftpupload.com/wp-content/uploads/2016/04/Center-photo.jpg'),
(2, 1, 'Ansel Adams: Masterworks', 'North Carolina Museum of Art, Raleigh. Considered by photography historians as the greatest photographer of the 20th century, it is impossible to separate Adams, the photographer, from Adams, the conservationist. The exhibition included some of his most iconic images, “Mount Williamson, the Sierra Nevada from Manzanar, California,” 1945,” and “Moonrise at Hernandez,” 1941. Wall texts and the catalogue told about his love of the land and how his testimony to Congress played a vital role in the congressional designation of Sequoia and King Canyon as national parks.', 'http://d31vc4ph21db4c.cloudfront.net/images/made/129357467627777790_a5dcb90d-7b3e-463c-8c10-c0a466550625_251991_726_726_s_c1_c_middle.Jpeg'),
(3, 1, 'Nina Chanel Abney: Royal Flush', 'Nasher Museum of Art, Duke University. Ten years out of graduate school, Abney (b. 1982) has had dramatic success with a place in the important collection of Donald and Mera Rubbell, and now her first museum show. She paints big, with flat figures, clear colors and large black lettering; her themes are about celebrity, mixing rock and roll stars and politicians. The art world thinks she is on her way to the top. Keep watching', 'https://nasher.duke.edu/wp-content/uploads/2018/01/nasher-abney-catfish-full.jpg'),
(4, 4, 'Installation: Leonardo Drew', 'Contemporary Art Museum, Raleigh. Drew (b. 1961) makes installations from hurricane debris; the Raleigh one comes from Wake County homes destroyed by Hurricane Matthew. Local kids helped gather the debris and threw the pieces as hard as they could against the wall. According to the artist, “the arrangement is pretty much theirs.” With objects scattered across the gallery, the art addresses destruction and reuse; torn fabric, wood, rusted iron and shreds of paper can be turned into art.', 'https://s3.amazonaws.com/files.collageplatform.com.prod/image_cache/600x460_fit/555f2a8acfaf3429568b4568/46c12b5dca3a5f7a0dec1afdb2dd8b46.jpeg'),
(5, 4, 'Los Trompos: Spinning Tops', 'Ackland Art Museum, Chapel Hill. The Ackland, which faces Columbia Street, looked like most of the buildings on the UNC campus until Katie Ziglar, the new director, decided to move art outside. First were giant spinning tops people could get into, made by Mexican sculptors, Esrawe and Ignacio Cdena. Now, until August of 2018, is a sculpture by twig and stick artist Patrick Dougherty. Passersby cannot miss the outdoor art and, hopefully, it will lure them inside where, among many treasures, are 134 drawings given recently to the museum by Leena and, long-time Durham resident, Sheldon Peck. That gift includes seven Rembrandts and is valued at $25 million.', 'https://wwwcache.wral.com/asset/lifestyles/goaskmom/2017/04/04/16626392/Edited__IMG_9467_by_Abel_Klainbaum-uid14913535083259-623x480.jpg'),
(6, 8, 'Judy Keene: Color Search', 'Craven Allen Gallery, Durham. Judy Keene (b. 1946) paints the landscape as abstract color. The overall effect is the paint has its own qualities of depth and flatness, settling finally into window-like shapes through which we see her vision of nature.', 'https://www.cravenallengallery.com/wp-content/uploads/Judy-Keene-Persian-Rhythms-by-Judy-Keene-Oil-and-Mixed-Me%E2%80%A6ven-Allen-Gallery-scaled.jpeg'),
(7, 8, 'Truth to Power', 'Pleiades Arts Inc. This is an annual juried show with social justice as its theme. Pedro Lasch, Duke University professor of Art, Art History and Visual Studies, juried the show. The exhibition focuses on art as a powerful tool to fight injustice. According to the contemporary Chinese artist, Ai Weiwei, governments are afraid of art because they are afraid of freedom and art is about freedom.', 'https://indyweek.com/downloads/80264/download/8.26_Art_Truth%20to%20Power_Clarence%20Heyward%2C%20Covered.jpeg?cb=459d41326e1041d4d3f8aa99a2e37061&w=3295');